<?xml version="1.0" encoding="UTF-8"?>
<persistence xmlns="http://java.sun.com/xml/ns/persistence"
             xmlns:xsi="http://www.w3.org/2001/XMLSchema-instance"
             xsi:schemaLocation="http://java.sun.com/xml/ns/persistence 
                                 http://java.sun.com/xml/ns/persistence/persistence_2_0.xsd"
             version="2.0">
    
    <persistence-unit name="UnidadPersistenciaHablamos" transaction-type="RESOURCE_LOCAL">
        <provider>org.hibernate.ejb.HibernatePersistence</provider>
        
        <properties>
            <!-- Muestra por consola las sentencias SQL generadas -->
            <property name="hibernate.show_sql" value="true"/>
            <!-- Estrategia de creación/actualización del esquema: create, update, validate, etc. -->
            <property name="hibernate.hbm2ddl.auto" value="create"/>
            <!-- Dialecto para Oracle (ajústalo si tu versión lo requiere) -->
            <property name="hibernate.dialect" value="org.hibernate.dialect.Oracle10gDialect"/>
            
            <!-- Conexión a Oracle XE: actualiza usuario y contraseña para que coincidan con docker-compose -->
            <property name="javax.persistence.jdbc.driver" value="oracle.jdbc.driver.OracleDriver"/>
            <property name="javax.persistence.jdbc.url" value="jdbc:oracle:thin:@localhost:1522/XEPDB1"/>
            <property name="javax.persistence.jdbc.user" value="admin"/>
            <property name="javax.persistence.jdbc.password" value="admin"/>
            
            <!-- Si quisieras usar MySQL, comenta lo anterior y descomenta lo siguiente:
            <property name="javax.persistence.jdbc.driver" value="com.mysql.jdbc.Driver"/>
            <property name="javax.persistence.jdbc.url" value="jdbc:mysql://127.0.0.1:3306/hablamospBD"/>
            <property name="javax.persistence.jdbc.user" value="hablamos"/>
            <property name="javax.persistence.jdbc.password" value="nubica"/>
            -->
        </properties>
    </persistence-unit>
    
</persistence>
